{"cameraMode":{"drawMode":0,"name":"Shaded","section":"Shading Mode"},"sceneLighting":false,"audioPlay":false,"sceneViewState":{"showFog":true,"showMaterialUpdate":false,"showSkybox":true,"showFlares":true,"showImageEffects":true,"showParticleSystems":true},"in2DMode":false,"pivot":{"x":-31.441333770751954,"y":3.0997629165649416,"z":73.53982543945313},"rotation":{"x":-0.09098485112190247,"y":0.42521435022354128,"z":-0.04301147907972336,"w":-0.8994809985160828},"size":5.580251693725586,"orthographic":false}